id,passed
5,0
9,0
21,0
26,0
29,1
32,0
36,1
44,1
51,0
52,0
69,0
71,0
72,1
77,0
98,0
105,0
106,0
113,0
119,1
123,0
126,1
132,1
134,0
140,0
146,1
153,0
157,0
158,1
165,1
166,1
173,1
181,0
188,1
196,1
198,0
202,1
206,0
209,0
211,0
216,0
225,0
227,0
234,0
236,0
237,0
239,0
241,0
242,1
246,0
261,1
262,1
264,0
272,1
274,0
287,0
289,0
294,0
296,0
302,1
313,0
318,0
321,0
327,1
329,0
335,0
339,0
346,0
354,0
355,0
356,1
365,0
368,0
375,0
376,1
379,0
382,1
383,0
405,0
406,1
411,0
416,0
419,0
430,0
442,1
443,0
444,0
447,0
451,1
452,1
454,1
458,0
459,0
475,0
479,0
480,0
484,1
489,0
493,0
494,0
505,1
507,0
512,1
517,0
529,0
530,0
531,1
535,0
540,0
543,0
563,0
573,1
576,0
578,1
583,0
587,0
589,0
596,0
598,0
607,0
611,0
613,0
617,0
620,0
625,0
631,1
632,0
634,0
638,0
645,0
658,1
664,0
667,1
668,0
673,0
674,0
676,0
692,0
694,1
706,0
708,1
713,0
714,0
728,1
740,0
746,0
750,0
751,1
763,0
777,0
782,0
788,0
790,1
794,1
806,0
807,0
812,1
814,0
819,0
836,0
839,0
861,0
862,1
867,0
868,1
879,0
895,0
901,0
905,0
916,0
920,1
924,0
930,1
936,0
939,1
942,0
948,0
950,0
966,0
973,1
993,0
1000,0
1002,0
1005,0
1006,0
1009,1
1014,0
1018,0
1020,0
1030,0
1034,0
1050,0
1059,0
1060,0
1064,1
1068,0
1076,0
1078,0
1088,0
1089,1
1090,0
1097,0
1105,0
1108,0
1109,0
1114,0
1116,0
1118,0
1123,0
1128,0
1134,0
1135,0
1137,0
1145,0
1151,0
1154,0
1161,0
1165,0
1166,1
1168,0
1171,0
1172,0
1178,0
1186,0
1200,0
1201,0
1211,0
1213,0
1214,0
1215,1
1217,0
1219,0
1221,0
1222,0
1224,0
1229,0
1232,0
1241,0
1242,0
1243,0
1250,0
1252,1
1259,0
1266,0
1274,0
1275,0
1280,0
1284,0
1287,0
1299,0
1314,0
1316,0
1318,0
1319,1
1320,0
1322,1
1324,1
1325,0
1328,0
1330,0
1335,0
1343,0
1351,1
1352,1
1355,0
1356,0
1366,0
1369,1
1379,0
1389,0
1391,0
1402,0
1406,0
1410,0
1413,0
1417,1
1428,0
1431,1
1435,0
1437,0
1439,0
1444,1
1445,0
1450,1
1458,0
1467,0
1469,0
1476,0
1479,0
1499,0
1517,0
1529,0
1531,1
1535,0
1543,0
1546,0
1547,0
1549,0
1551,0
1554,0
1558,0
1562,0
1563,0
1567,0
1574,1
1581,1
1599,1
1602,0
1604,0
1607,0
1612,0
1615,0
1623,0
1625,0
1635,0
1636,1
1644,0
1649,1
1650,0
1652,0
1668,0
1673,1
1677,0
1680,0
1696,0
1697,1
1698,0
1699,0
1703,0
1704,0
1709,0
1714,0
1716,0
1721,0
1725,0
1742,1
1745,0
1752,0
1757,0
1775,0
1778,0
1789,1
1793,0
1803,1
1805,0
1812,0
1813,0
1814,1
1818,0
1823,0
1827,0
1834,0
1845,1
1846,0
1859,0
1876,0
1878,0
1882,0
1889,0
1895,1
1917,0
1924,1
1929,0
1930,0
1940,1
1945,0
1948,0
1950,1
1951,1
1952,0
1954,0
1964,0
1967,1
1972,0
1975,0
1976,0
1978,0
1979,0
1981,0
1985,1
1991,0
1995,0
1998,0
2010,1
2015,0
2021,0
2040,0
2041,0
2042,0
2047,0
2050,1
2066,1
2068,1
2070,1
2072,0
2083,0
2085,0
2087,0
2091,0
2099,0
2103,0
2118,0
2129,0
2136,0
2148,0
2151,1
2152,0
2159,0
2160,1
2162,0
2165,0
2176,0
2177,1
2180,0
2185,0
2190,0
2193,0
2203,0
2204,0
2205,0
2209,0
2214,0
2225,0
2228,0
2239,0
2244,0
2246,0
2252,1
2259,0
2262,0
2266,0
2272,0
2273,0
2277,1
2290,1
2302,0
2305,0
2307,0
2309,1
2310,0
2313,0
2316,1
2319,1
2322,1
2326,0
2329,0
2339,0
2354,0
2357,0
2358,0
2365,0
2373,0
2383,1
2394,0
2396,1
2404,0
2414,0
2420,0
2424,0
2426,0
2427,0
2429,0
2436,0
2456,0
2458,0
2461,0
2462,1
2468,1
2475,0
2476,0
2481,0
2483,0
2486,0
2492,1
2498,1
2503,1
2506,0
2507,0
2509,1
2520,0
2524,0
2528,0
2533,0
2546,0
2550,0
2555,1
2557,0
2564,0
2566,0
2573,0
2581,1
2587,0
2588,0
2595,0
2600,0
2603,0
2606,0
2610,0
2623,0
2639,0
2640,1
2649,1
2662,0
2665,1
2687,0
2692,0
2694,1
2696,1
2697,0
2701,0
2703,1
2709,0
2720,0
2739,0
2749,0
2750,0
2751,0
2761,0
2768,1
2781,0
2794,0
2798,1
2801,0
2802,1
2805,0
2806,0
2819,0
2823,0
2828,1
2829,1
2831,1
2833,0
2837,0
2840,0
2842,0
2849,1
2853,1
2858,0
2859,0
2863,0
2871,0
2872,0
2880,0
2887,0
2893,0
2895,0
2896,0
2906,0
2914,0
2924,0
2926,0
2929,0
2930,0
2935,0
2936,0
2937,0
2939,0
2948,0
2956,0
2962,0
2963,0
2964,1
2973,0
2979,1
2980,1
2982,0
2985,0
2995,0
3000,0
3007,1
3010,0
3015,0
3024,1
3025,0
3026,0
3035,0
3044,1
3045,1
3055,1
3064,0
3069,0
3071,1
3072,0
3073,0
3080,0
3085,1
3094,0
3111,0
3112,0
3117,0
3118,0
3122,0
3123,0
3127,1
3131,0
3133,0
3138,1
3139,0
3142,0
3149,0
3151,0
3152,0
3155,0
3164,0
3165,0
3171,0
3172,0
3177,0
3178,0
3179,0
3190,0
3191,0
3194,0
3195,0
3203,0
3204,0
3205,0
3207,0
3213,0
3215,0
3216,0
3218,0
3220,1
3221,1
3225,0
3229,0
3240,0
3241,0
3248,0
3254,1
3259,0
3263,0
3265,0
3269,0
3271,0
3280,0
3281,0
3286,0
3289,0
3291,0
3293,0
3294,0
3296,0
3300,0
3302,0
3306,0
3319,0
3324,0
3334,0
3339,0
3352,0
3358,1
3363,0
3371,0
3372,0
3378,0
3386,0
3392,1
3402,0
3403,1
3408,1
3414,0
3415,0
3422,0
3428,0
3432,0
3448,0
3458,0
3467,0
3469,0
3471,0
3481,0
3483,0
3485,0
3507,0
3520,1
3523,0
3533,0
3534,0
3541,0
3543,0
3545,0
3547,0
3552,0
3565,0
3567,0
3572,0
3576,0
3586,0
3592,0
3594,0
3596,0
3599,0
3601,0
3608,0
3613,0
3614,0
3618,1
3639,0
3641,0
3649,0
3650,0
3658,0
3662,0
3663,0
3665,0
3666,1
3667,1
3668,0
3671,0
3675,0
3679,0
3682,1
3687,0
3691,1
3699,0
3702,0
3707,0
3708,0
3712,0
3723,0
3728,0
3731,0
3734,0
3746,0
3750,0
3751,0
3753,0
3756,1
3757,1
3758,0
3760,0
3764,0
3765,1
3767,0
3773,0
3778,1
3782,0
3787,0
3796,1
3798,0
3800,1
3802,0
3804,0
3821,0
3825,1
3831,0
3834,0
3847,0
3852,1
3854,0
3858,0
3861,0
3867,0
3889,0
3892,0
3894,0
3899,0
3905,0
3911,0
3925,0
3933,0
3938,0
3943,0
3946,0
3950,0
3953,1
3955,0
3958,0
3961,0
3970,0
3980,1
3981,0
3983,0
3985,0
3987,0
3989,0
3992,0
3994,0
4003,1
4005,0
4007,0
4012,1
4020,1
4038,0
4040,0
4042,0
4044,0
4048,0
4050,1
4052,0
4060,1
4066,0
4067,0
4069,0
4079,0
4080,1
4088,0
4090,0
4094,0
4100,0
4103,0
4106,0
4113,0
4115,1
4116,0
4122,0
4125,0
4129,0
4150,0
4156,0
4170,0
4171,0
4172,0
4173,0
4177,1
4185,1
4189,0
4190,0
4191,0
4194,0
4202,0
4203,1
4204,0
4211,0
4212,0
4215,0
4218,0
4220,0
4221,0
4225,0
4238,0
4247,0
4248,0
4250,1
4252,1
4257,0
4258,0
4259,0
4260,0
4274,0
4275,0
4280,0
4281,0
4284,0
4285,0
4287,0
4290,0
4295,0
4296,0
4300,0
4301,0
4304,0
4322,0
4326,1
4328,0
4335,1
4339,0
4344,0
4345,0
4346,0
4352,0
4360,1
4363,0
4369,1
4372,1
4375,0
4379,1
4380,1
4381,1
4382,0
4385,1
4387,0
4393,0
4395,0
4400,0
4404,0
4409,0
4411,0
4430,1
4433,1
4436,1
4437,0
4445,0
4452,0
4456,0
4459,0
4464,0
4480,1
4483,0
4485,0
4488,1
4489,1
4498,1
4507,1
4508,0
4512,0
4523,1
4525,0
4529,0
4530,1
4531,1
4535,0
4541,0
4542,0
4547,1
4553,0
4555,0
4557,1
4560,0
4569,0
4583,0
4586,0
4589,0
4590,1
4599,0
4607,0
4609,1
4616,0
4617,0
4620,0
4629,0
4637,0
4641,1
4643,1
4647,0
4648,0
4649,0
4659,0
4660,0
4664,0
4670,0
4671,0
4674,0
4680,0
4682,0
4687,0
4688,0
4693,0
4708,0
4714,0
4717,1
4718,0
4724,0
4726,0
4727,1
4738,1
4742,0
4747,0
4749,0
4751,0
4756,1
4757,0
4765,0
4797,0
4805,0
4806,0
4810,0
4812,0
4838,0
4842,0
4843,0
4845,1
4853,1
4859,0
4861,0
4865,1
4882,0
4883,0
4886,1
4899,0
4905,0
4922,0
4932,0
4934,0
4935,0
4936,0
4941,0
4944,0
4946,0
4949,0
4950,0
4954,0
4955,0
4956,0
4957,0
4969,0
4970,1
4976,0
4981,0
4983,1
4989,0
4994,0
4997,0
5000,0
5011,0
5016,0
5020,0
5023,0
5024,1
5033,0
5036,0
5040,1
5046,0
5048,1
5051,0
5061,0
5063,0
5067,1
5071,0
5075,1
5080,0
5088,0
5092,1
5095,1
5101,0
5102,0
5107,0
5115,0
5136,0
5138,0
5139,0
5144,0
5151,0
5159,0
5162,0
5163,0
5165,1
5172,0
5173,1
5177,0
5186,1
5191,0
5192,0
5193,0
5197,0
5201,0
5203,0
5207,0
5208,0
5210,0
5216,0
5229,0
5232,1
5234,0
5236,0
5238,0
5250,0
5252,1
5253,0
5256,1
5262,0
5266,1
5267,0
5268,0
5269,0
5275,0
5276,1
5277,0
5278,0
5283,1
5284,1
5286,0
5299,0
5300,0
5308,0
5311,1
5312,0
5316,0
5319,0
5324,0
5325,1
5333,0
5340,1
5344,0
5348,1
5368,0
5370,1
5371,0
5373,0
5375,0
5377,0
5382,1
5386,1
5390,0
5396,0
5398,0
5402,1
5405,0
5410,1
5418,0
5420,0
5424,1
5425,0
5429,1
5434,0
5438,0
5439,0
5449,1
5454,0
5467,1
5483,1
5485,0
5490,0
5495,0
5509,0
5516,0
5517,0
5529,0
5531,0
5549,0
5551,0
5552,0
5561,0
5566,0
5577,0
5583,0
5586,0
5588,1
5593,0
5613,0
5615,0
5616,0
5617,1
5618,0
5619,1
5620,1
5622,0
5624,0
5633,0
5636,0
5659,0
5660,0
5684,1
5689,0
5699,0
5703,0
5706,1
5707,0
5708,1
5709,0
5711,0
5719,1
5725,0
5728,0
5729,1
5734,0
5742,0
5744,0
5745,0
5746,1
5757,0
5769,0
5772,0
5783,1
5786,0
5792,0
5794,0
5796,0
5799,0
5806,0
5809,0
5810,1
5813,0
5827,1
5828,0
5831,0
5836,0
5844,1
5851,1
5854,0
5859,0
5869,0
5873,0
5876,0
5886,0
5888,0
5899,1
5901,0
5909,0
5911,0
5912,0
5922,0
5931,0
5939,0
5944,1
5945,0
5946,1
5947,1
5954,0
5956,0
5967,0
5971,0
5973,0
5976,0
5983,1
5984,0
5986,0
5992,1
5994,0
6017,0
6027,0
6030,0
6031,0
6037,0
6038,0
6039,0
6044,1
6048,1
6049,1
6051,0
6052,0
6062,0
6067,0
6079,0
6080,0
6082,0
6086,0
6087,0
6105,0
6124,0
6127,0
6130,0
6131,0
6136,0
6138,0
6142,0
6150,0
6155,0
6156,0
6163,0
6177,0
6180,0
6195,0
6202,0
6203,0
6204,1
6212,1
6217,0
6242,1
6245,0
6246,0
6247,0
6249,0
6254,1
6258,1
6260,0
6263,1
6269,0
6275,1
6279,0
6281,1
6287,0
6290,0
6292,0
6293,1
6301,1
6306,0
6307,1
6309,1
6318,0
6338,1
6348,0
6352,0
6359,1
6376,1
6380,1
6383,0
6387,1
6389,1
6390,0
6394,0
6405,1
6406,0
6412,0
6416,0
6437,0
6443,0
6445,1
6449,0
6450,1
6455,1
6466,0
6469,0
6473,1
6476,0
6477,0
6479,1
6490,1
6491,0
6493,0
6498,0
6506,0
6509,0
6526,0
6527,1
6530,0
6533,0
6538,0
6543,1
6544,1
6548,0
6568,1
6569,1
6600,0
6601,0
6609,0
6612,0
6622,0
6624,0
6626,0
6630,1
6641,0
6642,0
6656,1
6663,0
6666,0
6667,0
6669,1
6671,0
6673,1
6680,0
6688,0
6691,0
6692,0
6695,1
6697,0
6698,0
6704,0
6709,1
6713,1
6717,1
6718,0
6723,0
6726,0
6728,0
6735,0
6736,0
6747,0
6755,0
6756,1
6760,1
6761,0
6762,0
6763,0
6765,1
6768,0
6769,1
6779,0
6785,0
6799,0
6804,0
6812,1
6813,0
6815,0
6817,1
6834,0
6839,0
6849,0
6861,0
6877,0
6883,0
6885,0
6886,0
6898,0
6906,0
6907,0
6908,0
6912,0
6914,0
6919,1
6930,1
6942,0
6944,0
6945,0
6950,1
6952,0
6954,1
6957,0
6958,0
6960,0
6963,0
6965,0
6969,0
6970,0
6976,0
6978,1
6983,0
6991,0
6992,0
6994,0
6997,1
6998,1
7003,1
7004,0
7008,1
7009,1
7010,0
7018,1
7019,0
7034,1
7035,0
7044,0
7047,0
7052,1
7055,0
7059,0
7070,0
7073,0
7078,1
7080,1
7083,0
7088,1
7095,1
7096,0
7098,0
7106,0
7107,0
7116,0
7118,0
7121,0
7122,0
7125,1
7132,0
7133,1
7143,1
7153,0
7155,0
7156,0
7165,0
7166,1
7170,0
7172,0
7180,0
7182,0
7183,1
7184,0
7188,0
7204,0
7208,0
7209,0
7224,0
7229,1
7232,0
7237,0
7241,0
7244,1
7256,1
7257,0
7259,1
7261,1
7264,1
7265,1
7269,1
7272,0
7293,0
7294,1
7296,1
7297,0
7301,0
7323,1
7326,0
7332,1
7336,1
7337,0
7339,0
7351,0
7354,1
7355,1
7356,1
7360,1
7367,1
7368,1
7370,0
7374,1
7385,0
7387,0
7389,1
7393,1
7396,1
7401,0
7412,0
7421,0
7424,0
7427,0
7428,0
7431,0
7439,1
7442,0
7443,1
7447,0
7448,0
7456,0
7457,0
7462,0
7467,0
7468,0
7470,0
7476,1
7477,0
7479,1
7484,1
7494,0
7500,0
7505,0
7507,1
7523,1
7524,0
7534,0
7535,1
7562,1
7567,0
7582,0
7584,1
7585,0
7588,1
7589,1
7599,0
7601,0
7607,0
7612,1
7614,1
7625,1
7628,1
7630,1
7644,0
7648,1
7649,0
7663,1
7665,0
7667,0
7670,1
7684,0
7690,0
7692,0
7695,0
7696,0
7697,1
7701,0
7714,0
7720,0
7722,1
7725,0
7729,0
7738,0
7746,0
7750,0
7751,0
7752,1
7753,1
7754,1
7764,0
7775,1
7780,0
7782,1
7783,1
7784,0
7786,0
7788,0
7794,0
7795,0
7798,1
7799,0
7804,0
7805,0
7806,0
7807,1
7809,0
7810,0
7811,0
7818,0
7823,1
7825,0
7830,0
7831,1
7835,1
7840,1
7851,0
7852,0
7854,0
7859,0
7866,0
7869,0
7872,0
7876,0
7885,0
7893,0
7895,0
7897,0
7901,0
7903,1
7904,1
7905,0
7911,1
7916,0
7919,0
7920,0
7921,1
7924,0
7930,0
7938,0
7939,0
7942,0
7944,0
7951,0
7954,0
7956,1
7964,1
7966,1
7967,1
7968,1
7969,0
7975,0
7987,0
7990,1
7998,0
8006,1
8009,1
8023,1
8026,1
8030,0
8032,0
8042,0
8046,1
8055,1
8060,1
8069,0
8076,0
8083,0
8086,1
8093,0
8102,0
8106,0
8110,0
8111,0
8112,0
8114,1
8122,0
8128,0
8134,0
8135,1
8137,1
8142,1
8147,1
8152,0
8155,0
8156,1
8174,0
8175,0
8182,0
8188,0
8193,1
8196,0
8205,1
8208,0
8214,0
8218,0
8219,1
8222,0
8223,1
8227,0
8229,1
8230,1
8233,1
8239,0
8252,0
8254,1
8255,1
8263,0
8280,1
8281,1
8287,1
8294,1
8296,0
8297,1
8298,1
8301,0
8310,1
8317,1
8325,0
8328,1
8329,0
8334,0
8335,0
8338,1
8342,0
8346,1
8351,1
8356,0
8362,1
8368,0
8369,0
8371,0
8373,1
8374,0
8377,0
8379,1
8380,0
8381,1
8382,0
8386,0
8392,0
8393,0
8396,0
8401,0
8404,0
8405,1
8408,0
8410,1
8416,0
8418,0
8423,0
8426,0
8428,1
8438,1
8460,0
8473,1
8477,0
8482,1
8488,1
8489,0
8490,1
8491,1
8509,0
8510,1
8511,1
8523,1
8531,1
8543,1
8546,0
8550,1
8556,1
8563,0
8574,0
8577,0
8579,0
8580,1
8588,1
8594,0
8601,1
8602,0
8608,0
8609,0
8621,1
8632,0
8635,0
8644,1
8645,1
8653,0
8654,1
8660,1
8663,0
8666,1
8667,1
8668,1
8683,1
8686,1
8691,0
8694,1
8711,0
8712,1
8720,0
8727,0
8730,1
8732,0
8735,0
8742,1
8745,1
8746,1
8754,0
8762,1
8768,0
8772,1
8774,1
8776,1
8780,1
8792,0
8795,1
8796,1
8799,0
8805,0
8811,0
8813,1
8818,1
8820,1
8823,1
8825,0
8828,1
8832,0
8834,0
8842,0
8848,0
8859,0
8861,1
8866,0
8874,1
8876,0
8882,1
8885,1
8887,1
8897,1
8911,1
8918,0
8930,1
8931,0
8933,0
8943,0
8962,0
8963,1
8964,1
8965,0
8967,1
8975,0
8981,0
8991,1
8992,1
8994,0
8997,1
9001,1
9011,1
9013,1
9014,1
9015,1
9019,0
9021,1
9033,1
9035,1
9038,0
9043,1
9049,0
9061,0
9062,1
9063,1
9068,0
9074,1
9076,1
9077,0
9093,0
9098,0
9099,0
9106,1
9109,0
9114,1
9120,1
9121,1
9124,0
9129,1
9137,1
9140,1
9143,1
9149,1
9157,0
9159,1
9165,0
9167,1
9179,1
9181,1
9185,1
9188,0
9194,0
9198,0
9203,0
9205,0
9210,1
9218,1
9220,0
9223,0
9224,0
9228,1
9229,0
9232,1
9238,0
9239,0
9241,0
9249,1
9252,1
9258,0
9260,0
9276,0
9279,0
9281,0
9289,1
9293,1
9304,1
9308,0
9314,0
9320,1
9338,0
9341,0
9347,0
9350,0
9353,0
9355,0
9370,0
9372,0
9380,1
9381,1
9382,1
9385,0
9387,0
9392,0
9393,1
9399,0
9410,0
9413,0
9425,0
9426,1
9441,0
9442,1
9452,1
9458,1
9462,1
9466,0
9468,0
9471,1
9472,1
9474,0
9487,0
9492,0
9495,0
9501,0
9504,0
9511,0
9518,0
9520,0
9521,1
9523,0
9524,1
9528,1
9533,0
9534,1
9536,1
9540,1
9543,0
9547,1
9551,1
9553,0
9568,0
9575,0
9582,0
9584,0
9586,1
9587,1
9589,0
9594,0
9600,1
9606,0
9628,0
9630,0
9632,0
9640,0
9649,0
9650,0
9653,0
9660,1
9661,0
9664,0
9665,0
9671,0
9672,0
9677,1
9683,1
9698,0
9703,1
9708,1
9712,0
9724,1
9733,1
9734,1
9735,0
9737,0
9739,0
9744,1
9746,1
9750,0
9751,1
9753,0
9754,0
9756,0
9775,1
9777,1
9784,0
9787,0
9790,0
9791,0
9802,1
9803,1
9815,1
9820,0
9827,0
9829,0
9848,0
9864,0
9866,0
9867,1
9870,0
9873,0
9874,1
9880,1
9889,0
9895,1
9901,1
9911,1
9912,0
9917,1
9923,0
9924,0
9930,1
9933,0
9951,0
9959,0
9961,1
9968,1
9970,0
9977,0
9988,0
9992,1
10000,0
10003,0
10010,0
10016,1
10023,0
10025,1
10030,0
10043,0
10044,1
10049,1
10057,0
10058,1
10077,1
10087,0
10091,0
10092,0
10098,0
10113,0
10116,0
10117,0
10119,1
10132,1
10135,0
10137,1
10144,0
10150,0
10159,0
10163,1
10164,1
10165,0
10172,0
10175,0
10176,0
10179,0
10180,0
10181,0
10188,0
10195,1
10198,1
10200,1
10204,0
10207,0
10211,1
10215,0
10220,0
10221,0
10223,0
10232,0
10233,1
10249,0
10255,1
10259,1
10260,0
10264,0
10270,0
10272,0
10273,0
10279,1
10280,0
10291,1
10292,0
10304,0
10306,0
10314,0
10316,0
10321,0
10325,0
10335,1
10342,0
10345,0
10349,0
10352,0
10362,0
10363,0
10370,1
10371,0
10386,0
10389,0
10392,0
10396,0
10401,0
10409,0
10420,1
10424,1
10430,0
10432,0
10448,0
10452,0
10461,0
10480,0
10490,0
10506,0
10508,1
10523,0
10527,0
10531,0
10532,1
10538,0
10547,0
10551,0
10552,0
10554,0
10569,0
10579,1
10583,0
10584,0
10585,0
10587,0
10604,0
10605,0
10606,0
10627,0
10629,0
10633,0
10636,0
10638,0
10640,0
10648,0
10650,0
10657,0
10672,0
10678,0
10679,1
10687,0
10688,0
10697,1
10703,1
10705,0
10714,0
10718,0
10724,0
10731,0
10740,0
10747,0
10749,0
10751,0
10752,1
10754,0
10761,0
10772,0
10775,0
10776,0
10778,0
10780,0
10783,1
10789,0
10795,0
10796,0
10800,0
10822,0
10824,0
10840,0
10841,0
10844,0
10846,0
10851,0
10858,0
10862,0
10870,1
10876,0
10877,0
10880,0
10888,0
10891,0
10902,0
10907,1
10911,0
10918,0
10922,0
10923,0
10924,0
10926,0
10936,1
10941,0
10943,0
10946,0
10950,0
10955,0
10956,0
10957,0
10965,0
10966,0
10969,0
10971,0
10974,0
10979,0
10980,0
10983,0
10985,1
10986,0
10998,1
11009,0
11012,0
11030,0
11038,0
11046,0
11049,0
11050,0
11054,0
11055,0
11056,0
11060,0
11067,1
11069,0
11071,0
11073,0
11079,0
11081,0
11085,0
11095,0
11098,1
11099,0
11104,0
11105,0
11112,0
11116,0
11119,1
11126,0
11145,0
11147,0
11150,0
11151,0
11152,0
11161,0
11163,0
11174,0
11176,0
11183,0
11189,0
11203,1
11209,0
11211,0
11213,1
11220,0
11228,0
11235,0
11238,0
11244,0
11249,0
11250,0
11258,0
11262,0
11272,0
11274,0
11275,0
11277,0
11279,0
11281,0
11282,0
11292,1
11294,0
11295,0
11307,0
11310,0
11315,0
11317,0
11318,0
11320,0
11330,0
11332,0
11344,0
11352,0
11354,0
11360,0
11365,0
11376,0
11381,0
11384,0
11389,0
11412,0
11413,0
11414,0
11416,0
11424,0
11429,0
11433,0
11442,0
11443,0
11446,0
11447,0
11449,0
11455,0
11459,0
11465,0
11470,0
11496,0
11499,1
11501,0
11509,1
11517,0
11523,0
11524,0
11529,0
11545,0
11551,0
11553,0
11554,0
11562,1
11571,0
11585,0
11588,0
11589,0
11591,0
11602,0
11603,0
11605,0
11614,0
11618,0
11619,0
11621,0
11631,0
11632,0
11645,0
11662,0
11665,0
11667,0
11669,0
11670,0
11677,0
11682,0
11684,0
11706,0
11712,0
11724,0
11728,0
11729,0
11732,0
11737,0
11748,0
11760,1
11762,0
11769,0
11773,0
11774,0
11779,0
11785,0
11791,0
11796,0
11799,0
11809,0
11810,0
11815,0
11828,0
11842,0
11844,0
11850,0
11854,0
11858,0
11859,0
11865,0
11868,0
11869,0
11870,1
11871,0
11872,1
11873,0
11874,0
11877,0
11878,0
11887,0
11894,0
11896,0
11899,0
11901,0
11902,0
11908,0
11913,0
11921,0
11931,0
11934,0
11944,0
11945,0
11951,0
11954,0
11961,0
11966,0
11977,0
11983,0
11989,0
11990,0
11991,0
11997,0
12009,0
12012,0
12013,0
12017,0
12023,0
12025,0
12039,0
12040,0
12046,0
12047,0
12057,0
12059,0
12063,0
12064,0
12067,0
12079,1
12084,1
12090,0
12093,0
12094,0
12096,0
12102,1
12105,0
12118,0
12120,0
12127,0
12129,0
12134,0
12136,0
12139,0
12141,0
12147,0
12149,0
12155,0
12165,0
12167,0
12174,0
12182,0
12183,0
12188,0
12203,0
12204,0
12205,1
12210,0
12214,0
12220,0
12223,0
12224,0
12225,0
12232,0
12242,0
12249,0
12253,0
12255,0
12265,0
12270,0
12272,0
12273,0
12274,0
12275,0
12284,0
12293,0
12294,0
12300,0
12310,0
12322,0
12325,0
12327,0
12334,0
12340,0
12342,0
12343,0
12347,1
12351,0
12352,0
12356,0
12364,0
12371,0
12373,0
12376,0
12384,0
12395,0
12408,0
12412,0
12416,0
12419,0
12428,0
12430,0
12443,0
12445,0
12448,0
12451,0
12457,0
12472,0
12478,0
12487,0
12491,0
12494,0
12499,1
12507,0
12517,0
12521,0
12525,0
12529,0
12533,0
12537,0
12538,0
12540,0
12541,0
12549,0
12554,0
12556,0
12573,0
12580,1
12588,1
12594,0
12608,0
12613,0
12619,1
12622,0
12625,0
12627,0
12631,0
12638,0
12642,0
12646,0
12649,0
12650,0
12652,0
12654,0
12659,0
12671,0
12677,0
12679,0
12680,0
12685,0
12686,0
12693,0
12694,0
12695,0
12702,0
12706,0
12709,0
12719,0
12723,0
12724,0
12732,0
12738,0
12741,0
12743,0
12744,0
12755,0
12757,0
12758,0
12759,0
12761,0
12766,0
12771,0
12775,0
12776,0
12779,0
12790,0
12791,0
12792,0
12811,0
12813,0
12815,0
12832,0
12834,0
12837,0
12838,0
12843,0
12853,0
12856,0
12859,0
12860,0
12867,0
12869,0
12872,0
12879,0
12883,0
12885,0
12895,0
12900,0
12902,0
12916,0
12919,0
12920,0
12927,0
12929,0
12930,0
12938,0
12943,0
12946,0
12947,0
12949,0
12954,0
12957,0
12959,0
12964,0
12965,0
12967,0
12968,0
12970,0
12973,1
12975,0
12976,0
12979,0
12993,0
12996,0
13000,0
13001,0
13002,0
13009,0
13010,0
13011,0
13020,0
13023,0
13031,0
13032,0
13034,0
13038,0
13039,0
13040,0
13045,0
13046,0
13047,1
13056,0
13059,0
13060,0
13066,1
13071,0
13073,0
13077,0
13082,0
13084,0
13087,0
13097,0
13100,0
13105,0
13107,0
13109,0
13111,0
13112,0
13113,0
13123,0
13127,0
13131,0
13135,0
13136,1
13141,0
13146,0
13148,0
13149,0
13151,0
13158,0
13160,1
13161,1
13170,0
13178,0
13184,0
13185,0
13189,0
13195,0
13211,0
13213,0
13223,0
13232,0
13233,0
13236,0
13238,0
13239,0
13241,0
13244,1
13266,0
13268,0
13274,0
13280,0
13284,1
13285,1
13288,0
13294,0
13295,0
13306,0
13307,0
13309,0
13310,0
13314,0
13319,0
13337,0
13340,0
13342,0
13345,0
13352,0
13353,0
13354,0
13355,0
13357,0
13358,0
13359,0
13384,0
13385,0
13392,0
13393,0
13398,0
13415,0
13417,0
13421,1
13425,0
13432,0
13439,0
13445,0
13454,0
13464,0
13469,0
13482,0
13488,0
13500,0
13506,0
13516,0
13517,0
13528,0
13536,0
13541,0
13544,0
13546,0
13549,0
13551,0
13554,0
13560,0
13567,0
13578,0
13580,0
13584,0
13591,0
13593,0
13595,1
13601,0
13604,0
13606,0
13613,0
13625,0
13629,0
13632,0
13639,0
13640,0
13641,0
13643,0
13655,0
13657,0
13664,0
13665,0
13668,0
13669,0
13672,0
13682,0
13685,0
13686,0
13692,0
13695,0
13697,0
13698,0
13699,0
13700,0
13707,0
13721,0
13724,0
13729,0
13736,0
13738,0
13742,0
13750,0
13754,0
13756,0
13761,0
13767,0
13768,0
13780,0
13781,0
13783,0
13797,0
13798,0
13807,0
13812,0
13814,0
13822,0
13823,0
13826,0
13827,0
13832,0
13836,0
13839,0
13848,0
13850,0
13852,0
13853,0
13883,0
13891,0
13893,0
13901,0
13909,0
13913,0
13917,0
13928,0
13935,0
13936,0
13947,0
13949,0
13953,0
13964,0
13965,0
13966,0
13975,0
13977,0
13982,0
13985,0
13989,0
13990,0
13994,0
13997,0
13998,0
14006,0
14016,0
14018,0
14025,0
14028,0
14036,0
14045,0
14052,0
14060,0
14065,0
14068,0
14069,0
14073,0
14076,0
14077,0
14078,0
14080,0
14084,0
14085,0
14086,0
14087,0
14091,0
14092,0
14093,0
14097,0
14100,0
14101,0
14103,0
14108,0
14112,0
14113,0
14115,0
14118,0
14119,0
14122,0
14130,0
14132,0
14139,0
14144,0
14145,0
14147,1
14148,0
14152,0
14158,0
14159,0
14160,0
14161,0
14163,0
14176,0
14197,0
14207,0
14211,0
14212,0
14218,0
14220,0
14225,0
14230,0
14233,0
14236,0
14238,0
14243,0
14245,0
14247,0
14251,0
14259,0
14262,0
14266,0
14271,0
14272,0
14285,1
14290,1
14293,0
14302,0
14306,0
14316,0
14317,0
14319,0
14324,0
14337,0
14340,0
14345,1
14349,0
14357,0
14359,0
14376,0
14379,0
14383,0
14384,0
14385,0
14394,0
14396,0
14398,0
14400,0
14401,0
14402,0
14418,0
14428,0
14429,0
14437,0
14438,0
14443,0
14454,0
14462,0
14469,0
14473,0
14478,0
14479,0
14488,0
14495,0
14496,0
14498,0
14500,0
14505,0
14510,0
14513,0
14518,0
14541,0
14542,0
14544,0
14549,0
14550,0
14554,0
14563,0
14569,0
14575,0
14580,0
14583,0
14586,0
14595,0
14607,0
14611,0
14614,0
14617,0
14624,0
14631,0
14639,0
14644,0
14650,0
14651,0
14653,0
14654,0
14661,0
14666,0
14682,0
14688,0
14699,0
14702,0
14735,0
14743,0
14746,0
14748,0
14760,0
14763,0
14765,0
14769,0
14771,0
14778,0
14782,0
14785,0
14787,0
14788,0
14795,0
14802,0
14806,0
14807,0
14808,0
14809,0
14814,0
14815,0
14817,0
14819,0
14822,0
14824,0
14828,0
14833,0
14838,0
14839,0
14842,0
14846,0
14847,0
14850,0
14860,0
14865,0
14866,0
14887,0
14889,0
14897,0
14898,0
14899,0
14901,0
14903,0
14904,0
14905,0
14912,0
14913,0
14923,0
14931,0
14933,0
14941,0
14945,0
14954,0
14961,0
14962,0
14976,0
14977,0
14982,0
14984,0
14993,0
14996,0
15003,0
15013,0
15017,0
15021,0
15023,0
15026,0
15029,0
15031,0
15060,0
15077,0
15083,0
15088,0
15090,0
15099,0
15100,0
15107,0
15120,0
15130,0
15131,1
15132,0
15134,1
15136,0
15145,1
15152,0
15153,0
15155,0
15162,0
15164,0
15166,0
15170,0
15179,0
15185,0
15187,0
15189,1
15192,0
15193,0
15197,0
15203,0
15211,0
15213,0
15214,0
15230,0
15238,0
15245,0
15249,0
15250,0
15252,0
15259,0
15261,0
15264,0
15272,0
15273,0
15293,0
15302,0
15303,0
15307,0
15312,0
15313,0
15319,0
15322,0
15329,0
15331,0
15333,0
15337,0
15338,0
15343,0
15351,0
15354,0
15358,0
15376,0
15381,0
15383,0
15386,0
15387,0
15389,0
15399,0
15404,0
15406,0
15410,0
15419,0
15420,0
15422,0
15423,1
15425,0
15426,0
15427,0
15429,0
15430,0
15432,0
15434,0
15450,0
15453,0
15459,0
15461,0
15463,0
15465,0
15469,0
15485,0
15489,0
15494,0
15497,0
15505,0
15512,0
15515,0
15516,0
15517,0
15518,0
15529,0
15534,0
15536,0
15563,0
15567,0
15578,0
15583,0
15586,0
15587,0
15595,0
15598,1
15602,0
15603,0
15607,0
15611,0
15612,0
15613,0
15619,1
15620,0
15622,0
15623,0
15625,0
15628,0
15639,0
15650,0
15656,0
15659,0
15660,0
15661,0
15662,0
15674,0
15676,0
15686,0
15689,0
15690,0
15693,1
15697,1
15698,0
15701,0
15702,0
15706,0
15707,0
15710,0
15711,0
15725,0
15734,0
15738,0
15741,0
15749,0
15750,0
15754,0
15770,1
15771,0
15773,0
15780,0
15782,0
15794,0
15795,0
15797,0
15808,0
15810,0
15819,0
15832,0
15839,0
15846,0
15850,0
15854,0
15856,0
15857,0
15858,0
15862,0
15863,0
15864,0
15865,0
15866,0
15874,0
15882,0
15890,0
15892,0
15900,0
15901,0
15911,0
15915,0
15916,0
15921,0
15925,0
15934,0
15938,0
15945,0
15957,0
15960,0
15978,0
15985,0
15997,0
16002,0
16009,0
16012,0
16020,0
16026,0
16029,0
16040,0
16047,1
16054,0
16065,0
16069,0
16072,0
16078,0
16084,0
16086,0
16098,0
16099,0
16101,0
16103,0
16106,0
16110,0
16111,0
16119,0
16120,0
16122,0
16123,0
16124,0
16126,0
16132,0
16139,0
16140,0
16144,0
16159,0
16170,0
16172,0
16174,0
16187,0
16197,0
16199,0
16202,0
16203,1
16205,0
16208,0
16213,1
16216,1
16217,0
16218,1
16220,1
16227,1
16231,1
16233,0
16235,0
16236,1
16239,0
16244,1
16247,0
16249,0
16255,0
16262,0
16269,0
16272,0
16284,0
16285,0
16289,0
16291,0
16298,1
16301,0
16307,0
16313,1
16316,0
16317,0
16319,0
16320,0
16326,0
16330,0
16336,0
16337,0
16345,0
16352,0
16354,0
16359,0
16368,0
16374,0
16387,0
16409,0
16410,0
16413,0
16414,1
16417,1
16420,0
16430,0
16435,0
16443,0
16452,0
16456,1
16461,0
16467,0
16469,0
16473,0
16476,0
16478,0
16487,0
16493,1
16497,0
16498,1
16499,1
16510,0
16511,0
16516,1
16517,1
16526,0
16528,1
16533,0
16534,1
16541,0
16544,0
16547,0
16548,0
16550,0
16551,1
16560,0
16564,0
16566,0
16568,0
16572,0
16573,0
16575,0
16579,1
16586,0
16598,0
16604,0
16606,0
16609,0
16611,0
16614,0
16618,0
16625,1
16631,1
16632,0
16633,0
16652,0
16656,0
16657,0
16659,0
16673,1
16677,1
16682,0
16683,0
16685,0
16688,0
16690,0
16691,0
16693,0
16701,0
16703,0
16714,0
16715,0
16716,0
16719,0
16732,1
16736,1
16751,0
16752,0
16763,0
16765,1
16767,0
16782,0
16785,0
16794,0
16801,1
16812,1
16814,0
16817,0
16822,1
16829,1
16832,1
16836,0
16844,0
16845,0
16850,1
16862,1
16864,0
16868,0
16876,0
16878,0
16879,0
16884,0
16893,1
16895,0
16896,0
16897,1
16899,0
16906,0
16908,1
16911,0
16918,1
16926,0
16929,0
16947,0
16954,1
16959,0
16966,1
16967,0
16968,0
16971,0
16975,0
16977,0
16983,1
16994,1
16997,0
16998,1
17001,1
17002,0
17012,0
17015,1
17016,0
17018,1
17021,0
17025,0
17030,1
17038,0
17058,0
17059,1
17061,0
17067,0
17068,1
17073,0
17075,0
17086,0
17098,0
17103,0
17105,1
17106,1
17111,1
17112,0
17123,0
17132,0
17140,1
17144,0
17159,1
17163,0
17169,0
17177,1
17179,1
17184,1
17187,0
17191,1
17195,1
17197,1
17202,1
17204,0
17207,1
17210,1
17217,0
17226,1
17230,0
17237,0
17243,0
17244,0
17245,1
17247,0
17253,0
17255,1
17258,0
17262,1
17270,0
17272,1
17274,0
17278,0
17280,0
17287,0
17288,0
17291,0
17301,0
17304,0
17320,0
17321,1
17330,1
17333,0
17336,0
17339,0
17342,0
17346,0
17349,1
17351,0
17353,0
17356,0
17360,1
17365,1
17369,1
17376,1
17379,0
17396,0
17397,0
17416,1
17424,1
17428,0
17430,0
17437,1
17444,1
17446,0
17450,0
17454,0
17457,0
17459,0
17463,0
17470,0
17471,0
17476,0
17477,0
17497,0
17512,0
17514,0
17523,1
17539,0
17541,0
17545,1
17551,0
17555,0
17562,0
17567,0
17569,1
17577,0
17578,1
17579,0
17581,0
17582,1
17585,1
17586,1
17591,0
17595,0
17604,1
17614,0
17616,1
17617,1
17618,0
17622,1
17626,0
17629,0
17630,1
17636,1
17639,1
17646,0
17660,1
17668,0
17670,0
17673,0
17697,0
17713,0
17714,0
17718,0
17720,0
17722,1
17723,0
17726,0
17729,1
17730,1
17731,1
17738,1
17744,0
17746,1
17755,1
17758,0
17779,0
17784,1
17785,0
17787,0
17788,0
17794,0
17795,1
17796,0
17803,1
17805,1
17806,1
17820,0
17828,0
17830,0
17832,0
17834,1
17843,0
17846,1
17851,1
17852,0
17860,1
17871,0
17877,1
17881,0
17890,1
17895,0
17896,0
17902,1
17903,1
17907,0
17912,0
17915,0
17921,1
17922,0
17927,0
17929,0
17936,0
17943,0
17944,1
17947,0
17962,0
17965,1
17972,0
17973,1
17976,1
17978,1
17983,1
17986,0
17990,0
17999,1
18001,0
18002,0
18004,1
18005,1
18007,1
18010,1
18023,0
18028,0
18035,0
18044,1
18046,1
18047,1
18055,0
18056,0
18058,0
18064,0
18072,1
18078,0
18079,1
18083,1
18085,0
18088,0
18089,0
18102,1
18107,0
18115,0
18119,0
18120,0
18129,1
18131,1
18141,0
18150,1
18165,0
18173,0
18174,1
18181,0
18189,1
18190,0
18194,0
18196,1
18200,0
18204,0
18205,0
18210,0
18227,0
18240,0
18244,0
18256,0
18263,0
18264,0
18276,0
18279,0
18287,0
18288,0
18292,0
18303,0
18304,1
18311,0
18313,0
18318,0
18327,0
18333,0
18336,0
18337,0
18339,0
18342,0
18348,0
18357,0
18358,0
18363,0
18371,0
18384,0
18392,0
18393,1
18398,0
18401,0
18409,0
18426,1
18431,0
18432,1
18433,0
18435,0
18439,0
18441,0
18443,0
18446,0
18454,0
18471,0
18474,0
18476,0
18482,0
18483,0
18489,0
18491,0
18495,0
18501,0
18506,1
18509,0
18510,0
18511,0
18513,0
18514,0
18528,0
18529,0
18536,0
18540,0
18543,1
18547,0
18553,0
18559,0
18562,0
18563,0
18571,0
18572,0
18574,1
18577,0
18578,0
18582,0
18591,0
18593,0
18599,0
18602,0
18606,0
18609,0
18627,0
18630,0
18642,0
18648,0
18649,1
18651,0
18654,0
18657,1
18661,0
18665,0
18667,0
18677,0
18686,1
18690,0
18697,0
18701,1
18705,0
18706,0
18709,0
18711,0
18723,0
18725,0
18729,1
18730,0
18732,0
18733,0
18734,0
18748,0
18753,0
18757,1
18759,0
18765,0
18772,0
18778,1
18785,0
18794,0
18797,1
18801,1
18803,0
18806,0
18807,0
18811,0
18815,0
18818,0
18819,0
18820,0
18826,1
18828,0
18830,0
18835,0
18837,1
18838,1
18839,1
18840,1
18842,0
18843,1
18851,0
18854,1
18856,1
18859,0
18869,0
18872,0
18873,0
18881,1
18884,0
18886,0
18887,1
18892,0
18894,0
18901,0
18907,0
18913,0
18921,1
18925,1
18929,0
18932,0
18934,0
18937,0
18949,0
18952,0
18956,0
18957,0
18958,0
18961,0
18972,0
18973,0
18975,0
18976,0
18977,0
18978,1
18981,0
18990,0
18993,0
18996,0
19006,1
19012,1
19016,0
19038,0
19044,0
19059,0
19063,0
19064,0
19066,1
19068,0
19071,0
19083,0
19085,0
19088,0
19090,0
19098,0
19099,0
19101,0
19103,0
19116,0
19119,0
19129,1
19130,0
19134,0
19139,0
19143,0
19148,0
19153,0
19173,0
19174,0
19195,0
19199,0
19200,0
19204,0
19208,1
19211,0
19214,0
19224,1
19228,0
19231,0
19232,1
19237,1
19238,0
19248,0
19251,1
19253,0
19254,1
19255,0
19264,0
19265,0
19268,1
19272,1
19273,1
19274,1
19276,1
19277,0
19278,0
19279,0
19283,1
19286,0
19287,0
19289,1
19293,0
19294,0
19297,0
19300,1
19302,0
19306,1
19317,1
19330,1
19332,0
19351,1
19352,0
19365,0
19368,1
19370,0
19371,1
19375,0
19376,1
19378,0
19380,1
19382,1
19383,1
19384,0
19386,1
19389,1
19400,0
19401,0
19402,0
19405,0
19406,1
19411,1
19413,1
19414,0
19417,0
19427,0
19434,0
19439,0
19440,1
19442,1
19444,1
19448,0
19450,1
19451,1
19455,0
19460,1
19465,1
19466,0
19468,1
19473,1
19474,0
19481,0
19485,0
19487,0
19489,1
19491,1
19494,0
19507,0
19510,1
19512,0
19516,0
19522,0
19523,0
19525,0
19546,0
19547,0
19553,0
19557,1
19563,0
19564,0
19568,1
19573,0
19582,0
19585,0
19589,1
19590,0
19592,1
19595,0
19598,0
19602,0
19631,1
19632,0
19646,0
19647,1
19651,0
19654,0
19657,0
19665,0
19667,1
19668,0
19674,0
19675,1
19684,1
19696,0
19698,0
19703,1
19705,0
19706,0
19712,1
19723,0
19734,0
19736,0
19741,1
19754,0
19755,0
19763,0
19767,0
19771,1
19773,1
19778,0
19779,0
19781,0
19782,1
19784,0
19797,1
19802,0
19803,0
19805,1
19806,0
19808,1
19812,0
19818,1
19842,1
19844,0
19848,1
19850,1
19858,0
19862,0
19866,0
19870,0
19871,1
19873,1
19874,1
19884,1
19896,1
19898,1
19911,0
19923,0
19924,1
19925,0
19942,1
19949,0
19950,1
19952,0
19955,0
19956,0
19958,0
19965,0
19970,1
19972,1
19973,1
19980,1
19981,0
19984,0
19986,0
19996,1
19997,1
20013,0
20017,0
20021,0
20028,0
20033,0
20035,0
20039,0
20040,0
20042,0
20048,1
20058,0
20066,1
20068,0
20069,0
20077,0
20083,0
20089,0
20114,0
20128,0
20130,0
20134,0
20135,0
20137,1
20139,0
20141,0
20143,1
20144,1
20147,0
20150,0
20152,1
20156,0
20160,0
20161,0
20172,0
20173,0
20174,0
20175,0
20177,0
20181,0
20182,0
20186,0
20191,0
20195,0
20196,1
20200,0
20203,0
20204,1
20211,0
20216,0
20220,0
20222,0
20229,0
20230,0
20234,0
20239,0
20245,0
20248,0
20251,0
20252,0
20275,1
20278,1
20281,1
20287,0
20294,0
20295,0
20300,0
20301,0
20303,0
20308,0
20311,0
20317,0
20318,0
20320,0
20321,0
20335,0
20339,0
20345,0
20351,0
20369,0
20372,0
20376,0
20381,0
20394,0
20395,0
20402,0
20405,0
20406,0
20407,0
20408,0
20415,0
20416,0
20421,0
20426,0
20430,0
20431,0
20434,0
20445,0
20460,0
20464,0
20468,0
20469,0
20470,0
20471,0
20476,0
20485,0
20502,0
20503,0
20509,0
20512,0
20517,0
20520,0
20525,0
20542,0
20543,0
20544,0
20545,0
20553,0
20554,0
20558,0
20559,0
20565,0
20574,0
20575,0
20580,0
20586,0
20589,0
20591,0
20615,0
20620,0
20633,0
20637,0
20647,0
20655,0
20657,0
20658,0
20667,0
20680,0
20687,0
20688,0
20690,0
20694,0
20698,0
20699,0
20702,0
20704,0
20709,0
20724,0
20728,0
20732,0
20743,0
20752,0
20753,0
20757,0
20760,0
20772,0
20773,0
20774,0
20781,0
20788,0
20791,0
20794,0
20816,0
20817,0
20822,0
20831,0
20834,0
20838,0
20848,0
20849,0
20854,0
20855,0
20859,0
20860,0
20865,0
20869,0
20871,0
20873,0
20876,0
